{"datasetId":122372575999,"data":{"493720395823/MT1:MT3":{"map1":[[1,1,1,1,1,1,1],[1,5,1,10,1,5,1],[1,4,7,5,7,0,1],[1,7,1,5,1,7,1],[1,5,1,7,1,5,1],[1,4,6,10,6,3,1],[1,1,1,1,1,1,1]],"map2":[[1,1,1,1,1,1,1],[1,10,1,2,3,5,1],[1,0,1,1,1,9,1],[1,7,6,5,8,5,1],[1,0,1,9,1,9,1],[1,10,1,2,1,3,1],[1,1,1,1,1,1,1]],"topoSimilarity":0.2065427393585403,"visionSimilarity":0.4718364991384641,"size":[7,7]},"493720395823/MT1.3.0:MT3":{"map1":[[1,1,1,1,1,1,1],[1,4,5,7,4,5,1],[1,6,1,1,7,1,1],[1,10,7,5,5,10,1],[1,6,1,1,7,1,1],[1,3,5,7,0,5,1],[1,1,1,1,1,1,1]],"map2":[[1,1,1,1,1,1,1],[1,10,1,2,3,5,1],[1,0,1,1,1,9,1],[1,7,6,5,8,5,1],[1,0,1,9,1,9,1],[1,10,1,2,1,3,1],[1,1,1,1,1,1,1]],"topoSimilarity":0.2065427393585403,"visionSimilarity":0.41306488335232266,"size":[7,7]},"493720395823/MT1:MT1.S0":{"map1":[[1,1,1,1,1,1,1],[1,5,1,10,1,5,1],[1,4,7,5,7,0,1],[1,7,1,5,1,7,1],[1,5,1,7,1,5,1],[1,4,6,10,6,3,1],[1,1,1,1,1,1,1]],"map2":[[1,1,1,1,1,1,1],[10,5,1,10,1,5,1],[1,4,7,0,7,0,7],[2,7,10,5,1,7,1],[1,5,11,10,1,5,1],[1,4,6,11,2,3,1],[1,1,1,1,1,10,1]],"size":[7,7],"topoSimilarity":0.5449081303742903,"visionSimilarity":0.7458078360074276},"493720395823/MT1:MT1.S1":{"map1":[[1,1,1,1,1,1,1],[1,5,1,10,1,5,1],[1,4,7,5,7,0,1],[1,7,1,5,1,7,1],[1,5,1,7,1,5,1],[1,4,6,10,6,3,1],[1,1,1,1,1,1,1]],"map2":[[1,1,1,1,1,1,1],[1,5,1,10,1,5,1],[1,4,7,5,7,0,1],[1,7,1,5,1,7,1],[2,5,1,7,1,3,1],[1,4,6,10,6,5,1],[1,1,1,1,1,1,1]],"size":[7,7],"topoSimilarity":0.567247802907439,"visionSimilarity":0.8901016472479844},"493720395823/MT2:MT3":{"map1":[[1,1,1,1,1,1,1],[1,7,0,10,8,5,1],[1,5,1,6,3,8,1],[1,7,5,1,6,2,1],[1,4,1,3,8,7,1],[1,10,5,6,0,5,1],[1,1,1,1,1,1,1]],"map2":[[1,1,1,1,1,1,1],[1,10,1,2,3,5,1],[1,0,1,1,1,9,1],[1,7,6,5,8,5,1],[1,0,1,9,1,9,1],[1,10,1,2,1,3,1],[1,1,1,1,1,1,1]],"topoSimilarity":0.22348489590526102,"visionSimilarity":0.39789638665190225,"size":[7,7]},"493720395823/MT3:MT3":{"map1":[[1,1,1,1,1,1,1],[1,10,1,2,3,5,1],[1,0,1,1,1,9,1],[1,7,6,5,8,5,1],[1,0,1,9,1,9,1],[1,10,1,2,1,3,1],[1,1,1,1,1,1,1]],"map2":[[1,1,1,1,1,1,1],[1,10,1,2,3,5,1],[1,0,1,1,1,9,1],[1,7,6,5,8,5,1],[1,0,1,9,1,9,1],[1,10,1,2,1,3,1],[1,1,1,1,1,1,1]],"topoSimilarity":1,"visionSimilarity":1,"size":[7,7]},"493720395823/MT2:MT2.S0":{"map1":[[1,1,1,1,1,1,1],[1,7,0,10,8,5,1],[1,5,1,6,3,8,1],[1,7,5,1,6,2,1],[1,4,1,3,8,7,1],[1,10,5,6,0,5,1],[1,1,1,1,1,1,1]],"map2":[[1,1,1,1,1,1,1],[1,7,0,10,8,5,1],[1,5,1,6,3,8,1],[1,7,5,1,6,2,1],[1,6,1,3,8,7,1],[1,10,5,6,0,5,1],[1,1,1,1,1,1,1]],"size":[7,7],"topoSimilarity":0.5752305500247755,"visionSimilarity":0.9629611812238851},"493720395823/MT2:MT2.S1":{"map1":[[1,1,1,1,1,1,1],[1,7,0,10,8,5,1],[1,5,1,6,3,8,1],[1,7,5,1,6,2,1],[1,4,1,3,8,7,1],[1,10,5,6,0,5,1],[1,1,1,1,1,1,1]],"map2":[[1,1,1,1,1,1,1],[1,7,0,10,8,5,1],[1,5,1,6,3,8,1],[1,7,5,1,6,2,1],[1,4,1,3,8,7,1],[1,10,5,6,0,5,1],[1,1,1,1,1,1,1]],"size":[7,7],"topoSimilarity":0.4348511401304243,"visionSimilarity":1},"493720395823/MT2:MT2.S2":{"map1":[[1,1,1,1,1,1,1],[1,7,0,10,8,5,1],[1,5,1,6,3,8,1],[1,7,5,1,6,2,1],[1,4,1,3,8,7,1],[1,10,5,6,0,5,1],[1,1,1,1,1,1,1]],"map2":[[1,1,1,1,1,1,1],[1,7,0,10,8,0,7],[1,5,1,6,3,5,1],[1,7,1,5,6,2,1],[1,1,4,3,8,7,1],[1,10,2,6,0,9,1],[1,1,1,1,1,1,1]],"size":[7,7],"topoSimilarity":0.8801898418624259,"visionSimilarity":0.7236293949262109},"493720395823/MT2:MT2.S3":{"map1":[[1,1,1,1,1,1,1],[1,7,0,10,8,5,1],[1,5,1,6,3,8,1],[1,7,5,1,6,2,1],[1,4,1,3,8,7,1],[1,10,5,6,0,5,1],[1,1,1,1,1,1,1]],"map2":[[1,1,1,9,1,1,1],[1,7,0,8,8,5,1],[1,5,1,2,3,8,1],[1,7,5,1,6,2,1],[1,4,1,3,8,7,1],[1,10,5,6,0,5,1],[1,1,1,1,5,1,1]],"size":[7,7],"topoSimilarity":0.45583165677638066,"visionSimilarity":0.8856848310017071},"493720395823/MT3:MT4":{"map1":[[1,1,1,1,1,1,1],[1,10,1,2,3,5,1],[1,0,1,1,1,9,1],[1,7,6,5,8,5,1],[1,0,1,9,1,9,1],[1,10,1,2,1,3,1],[1,1,1,1,1,1,1]],"map2":[[1,1,1,1,1,1,1],[1,10,1,3,1,10,1],[1,5,1,9,1,5,1],[1,7,1,5,1,7,1],[1,0,1,7,1,0,1],[1,5,7,4,7,5,1],[1,1,1,1,1,1,1]],"topoSimilarity":0.48653134914464213,"visionSimilarity":0.48784804748656435,"size":[7,7]},"493720395823/MT4:MT4":{"map1":[[1,1,1,1,1,1,1],[1,10,1,3,1,10,1],[1,5,1,9,1,5,1],[1,7,1,5,1,7,1],[1,0,1,7,1,0,1],[1,5,7,4,7,5,1],[1,1,1,1,1,1,1]],"map2":[[1,1,1,1,1,1,1],[1,10,1,3,1,10,1],[1,5,1,9,1,5,1],[1,7,1,5,1,7,1],[1,0,1,7,1,0,1],[1,5,7,4,7,5,1],[1,1,1,1,1,1,1]],"topoSimilarity":1,"visionSimilarity":1,"size":[7,7]},"493720395823/MT4.3.1:MT3":{"map1":[[1,1,1,1,1,1,1],[1,10,5,7,0,5,1],[1,1,1,1,1,7,1],[1,3,9,5,7,4,1],[1,1,1,1,1,7,1],[1,10,5,7,0,5,1],[1,1,1,1,1,1,1]],"map2":[[1,1,1,1,1,1,1],[1,10,1,2,3,5,1],[1,0,1,1,1,9,1],[1,7,6,5,8,5,1],[1,0,1,9,1,9,1],[1,10,1,2,1,3,1],[1,1,1,1,1,1,1]],"topoSimilarity":0.48653134914464213,"visionSimilarity":0.5025169154420001,"size":[7,7]},"493720395823/MT3:MT3.S0":{"map1":[[1,1,1,1,1,1,1],[1,10,1,2,3,5,1],[1,0,1,1,1,9,1],[1,7,6,5,8,5,1],[1,0,1,9,1,9,1],[1,10,1,2,1,3,1],[1,1,1,1,1,1,1]],"map2":[[1,1,1,2,1,1,1],[10,10,1,1,3,5,0],[1,0,7,1,1,9,1],[1,8,5,6,8,5,9],[1,0,7,9,1,9,1],[1,10,1,2,1,3,1],[1,1,1,1,6,10,1]],"size":[7,7],"topoSimilarity":0.44351065052305955,"visionSimilarity":0.6994945748274667},"493720395823/MT3:MT3.S1":{"map1":[[1,1,1,1,1,1,1],[1,10,1,2,3,5,1],[1,0,1,1,1,9,1],[1,7,6,5,8,5,1],[1,0,1,9,1,9,1],[1,10,1,2,1,3,1],[1,1,1,1,1,1,1]],"map2":[[1,1,4,6,1,9,1],[10,10,1,2,3,5,0],[4,0,1,2,1,9,4],[1,5,6,9,8,5,2],[1,0,1,9,1,9,1],[1,10,1,2,11,3,1],[1,1,1,6,1,1,1]],"size":[7,7],"topoSimilarity":0.21729134636109018,"visionSimilarity":0.6808238833988753},"493720395823/MT3:MT3.S2":{"map1":[[1,1,1,1,1,1,1],[1,10,1,2,3,5,1],[1,0,1,1,1,9,1],[1,7,6,5,8,5,1],[1,0,1,9,1,9,1],[1,10,1,2,1,3,1],[1,1,1,1,1,1,1]],"map2":[[1,1,0,1,1,1,1],[6,10,1,6,3,5,1],[1,8,1,1,4,9,1],[11,7,6,5,6,5,1],[1,0,8,9,1,0,10],[1,10,1,2,1,3,1],[1,11,1,1,1,1,1]],"size":[7,7],"topoSimilarity":0.3285733032395127,"visionSimilarity":0.7083977459747435},"493720395823/MT3:MT3.S3":{"map1":[[1,1,1,1,1,1,1],[1,10,1,2,3,5,1],[1,0,1,1,1,9,1],[1,7,6,5,8,5,1],[1,0,1,9,1,9,1],[1,10,1,2,1,3,1],[1,1,1,1,1,1,1]],"map2":[[1,1,1,1,1,1,1],[1,10,1,2,3,5,1],[1,0,1,1,1,9,1],[1,7,6,5,8,5,1],[1,6,1,9,1,9,1],[1,10,1,2,1,3,1],[1,1,1,1,1,1,1]],"size":[7,7],"topoSimilarity":0.9072621687714714,"visionSimilarity":0.9784539875618482},"493720395823/MT3:MT3.S4":{"map1":[[1,1,1,1,1,1,1],[1,10,1,2,3,5,1],[1,0,1,1,1,9,1],[1,7,6,5,8,5,1],[1,0,1,9,1,9,1],[1,10,1,2,1,3,1],[1,1,1,1,1,1,1]],"map2":[[1,7,0,1,1,1,1],[1,9,2,2,1,5,1],[6,5,1,1,3,9,1],[1,10,6,5,8,5,1],[0,1,2,8,1,6,1],[1,10,1,2,1,3,2],[1,1,1,1,1,1,1]],"size":[7,7],"topoSimilarity":0.3414165670159324,"visionSimilarity":0.6162766382447302},"493720395823/MT1:MT2":{"map1":[[1,1,1,1,1,1,1],[1,5,1,10,1,5,1],[1,4,7,5,7,0,1],[1,7,1,5,1,7,1],[1,5,1,7,1,5,1],[1,4,6,10,6,3,1],[1,1,1,1,1,1,1]],"map2":[[1,1,1,1,1,1,1],[1,7,0,10,8,5,1],[1,5,1,6,3,8,1],[1,7,5,1,6,2,1],[1,4,1,3,8,7,1],[1,10,5,6,0,5,1],[1,1,1,1,1,1,1]],"topoSimilarity":0.5008635446660876,"visionSimilarity":0.3837740847123484,"size":[7,7]},"493720395823/MT1:MT1":{"map1":[[1,1,1,1,1,1,1],[1,5,1,10,1,5,1],[1,4,7,5,7,0,1],[1,7,1,5,1,7,1],[1,5,1,7,1,5,1],[1,4,6,10,6,3,1],[1,1,1,1,1,1,1]],"map2":[[1,1,1,1,1,1,1],[1,5,1,10,1,5,1],[1,4,7,5,7,0,1],[1,7,1,5,1,7,1],[1,5,1,7,1,5,1],[1,4,6,10,6,3,1],[1,1,1,1,1,1,1]],"topoSimilarity":1,"visionSimilarity":1,"size":[7,7]},"493720395823/MT2:MT2":{"map1":[[1,1,1,1,1,1,1],[1,7,0,10,8,5,1],[1,5,1,6,3,8,1],[1,7,5,1,6,2,1],[1,4,1,3,8,7,1],[1,10,5,6,0,5,1],[1,1,1,1,1,1,1]],"map2":[[1,1,1,1,1,1,1],[1,7,0,10,8,5,1],[1,5,1,6,3,8,1],[1,7,5,1,6,2,1],[1,4,1,3,8,7,1],[1,10,5,6,0,5,1],[1,1,1,1,1,1,1]],"topoSimilarity":1,"visionSimilarity":1,"size":[7,7]},"493720395823/MT1.3.2:MT1":{"map1":[[1,1,1,1,1,1,1],[1,3,5,7,0,5,1],[1,6,1,1,7,1,1],[1,10,7,5,5,10,1],[1,6,1,1,7,1,1],[1,4,5,7,4,5,1],[1,1,1,1,1,1,1]],"map2":[[1,1,1,1,1,1,1],[1,5,1,10,1,5,1],[1,4,7,5,7,0,1],[1,7,1,5,1,7,1],[1,5,1,7,1,5,1],[1,4,6,10,6,3,1],[1,1,1,1,1,1,1]],"topoSimilarity":1,"visionSimilarity":0.441092858445748,"size":[7,7]},"493720395823/MT1:MT1.S2":{"map1":[[1,1,1,1,1,1,1],[1,5,1,10,1,5,1],[1,4,7,5,7,0,1],[1,7,1,5,1,7,1],[1,5,1,7,1,5,1],[1,4,6,10,6,3,1],[1,1,1,1,1,1,1]],